﻿<?xml version="1.2" encoding="utf-8" standalone="no" ?>
<vehicle type="turnOnCultivator">
    <annotation>Copyright (C) GIANTS Software GmbH, All Rights Reserved.</annotation>

    <storeData>
        <name>DelMorino Rotex M 390</name>
        <specs>
            <neededPower>96</neededPower>
            <workingWidth>4</workingWidth>
        </specs>
        <functions>
            <function>$l10n_function_cultivator</function>
        </functions>
        <image>stores/store_TOSCANO.png</image>
        <price>3500</price>
        <lifetime>600</lifetime>
        <rotation>0</rotation>
        <brand>DelMorino</brand>
        <category>powerHarrows</category>
    </storeData>

    <base>
        <typeDesc>$l10n_typeDesc_cultivator</typeDesc>
        <filename>freza.i3d</filename>
        <size width="4" length="2" lengthOffset="-0.2"/>
        <speedLimit value="15" />
        <components>
            <component centerOfMass="0 0.3 0" solverIterationCount="15" mass="1220" />
        </components>
        <schemaOverlay attacherJointPosition="0 0" name="IMPLEMENT" />
        <mapHotspot type="TOOL" />
    </base>

    <groundReferenceNodes>
        <groundReferenceNode node="depthNode"  threshold="0.18" depthNode="depthNode" />
    </groundReferenceNodes>

    <workAreas>
        <workArea type="cultivator" functionName="processCultivatorArea">
            <area startNode="aiMarkerLeft" widthNode="aiMarkerRight" heightNode="aiMarkerBack" />
            <groundReferenceNode index="1" />
        </workArea>
    </workAreas>

    <cultivator>
        <sounds>
            <work template="DEFAULT_CULTIVATOR_WORK" linkNode="0>" />
        </sounds>
        <directionNode node="0>" />
        <onlyActiveWhenLowered value="true"/>
    </cultivator>

    <turnOnVehicle>
        <sounds>
            <start template="STRAWBLOWER_START" />
            <work template="STRAWBLOWER_WORK" />
            <stop template="STRAWBLOWER_STOP" />
        </sounds>
        <animationNodes>
            <animationNode node="turnOnRotationNodes" rotSpeed="2500" rotAxis="1" />
        </animationNodes>
    </turnOnVehicle>

    <attachable>
        <inputAttacherJoints>
            <inputAttacherJoint node="attacherJoint" jointType="implement" topReferenceNode="topReferenceNode"   lowerTransLimitScale="0 1 0" upperRotationOffset="12" lowerRotLimitScale="0 0 0" >
                <distanceToGround lower="0.1" upper="1.3" />
				<objectChange node="att" visibilityActive="true" visibilityInactive="false" />
                <objectChange node="detach" visibilityActive="false" visibilityInactive="true" />	
            </inputAttacherJoint>
        </inputAttacherJoints>
		<support animationName="moveSupport" />
    </attachable>
	
	<animations>
		<animation name="moveSupport">
            <part node="supportArm"  startTime="0"    endTime="0.2"  startTrans="0 0.35 0" endTrans="0 0 0" />
        </animation>
	</animations>

    <powerTakeOffs>
        <input inputAttacherJointIndices="1" detachNode="ptoDetachNode" inputNode="ptoInputNode" aboveAttacher="true" filename="$data/shared/assets/powerTakeOffs/walterscheidW.xml" />
    </powerTakeOffs>
	
	<workParticles>
        <effect workAreaIndex="1">
            <effectNode effectClass="CultivatorMotionPathEffect" effectType="CULTIVATOR" linkNode="sweepEffectLinkNode01">
                <motionPathEffect textureFilename="$data/effects/cultivator/arrays/sharedCultivatorSweepArray01.dds" numRows="20" rowLength="18" minFade="0.07" densityScale="0.35"/>
            </effectNode>
            <effectNode effectClass="CultivatorMotionPathEffect" effectType="CULTIVATOR" linkNode="sweepEffectLinkNode02">
                <motionPathEffect textureFilename="$data/effects/cultivator/arrays/sharedCultivatorSweepArray01.dds" numRows="20" rowLength="18" minFade="0.07" densityScale="0.35"/>
            </effectNode>
            <effectNode effectClass="CultivatorMotionPathEffect" effectType="CULTIVATOR" linkNode="sweepEffectLinkNode03">
                <motionPathEffect textureFilename="$data/effects/cultivator/arrays/sharedCultivatorSweepArray01.dds" numRows="20" rowLength="18" minFade="0.07" densityScale="0.35"/>
            </effectNode>
            <effectNode effectClass="CultivatorMotionPathEffect" effectType="CULTIVATOR" linkNode="sweepEffectLinkNode04">
                <motionPathEffect textureFilename="$data/effects/cultivator/arrays/sharedCultivatorSweepArray01.dds" numRows="20" rowLength="18" minFade="0.07" densityScale="0.35"/>
            </effectNode>
            <effectNode effectClass="CultivatorMotionPathEffect" effectType="CULTIVATOR" linkNode="sweepEffectLinkNode05">
                <motionPathEffect textureFilename="$data/effects/cultivator/arrays/sharedCultivatorSweepArray01.dds" numRows="20" rowLength="18" minFade="0.07" densityScale="0.35"/>
            </effectNode>
            <effectNode effectClass="CultivatorMotionPathEffect" effectType="CULTIVATOR" linkNode="sweepEffectLinkNode06">
                <motionPathEffect textureFilename="$data/effects/cultivator/arrays/sharedCultivatorSweepArray01.dds" numRows="20" rowLength="18" minFade="0.07" densityScale="0.35"/>
            </effectNode>
            <effectNode effectClass="CultivatorMotionPathEffect" effectType="CULTIVATOR" linkNode="sweepEffectLinkNode07">
                <motionPathEffect textureFilename="$data/effects/cultivator/arrays/sharedCultivatorSweepArray01.dds" numRows="20" rowLength="18" minFade="0.07" densityScale="0.35"/>
            </effectNode>
            <effectNode effectClass="CultivatorMotionPathEffect" effectType="CULTIVATOR" linkNode="sweepEffectLinkNode08">
                <motionPathEffect textureFilename="$data/effects/cultivator/arrays/sharedCultivatorSweepArray01.dds" numRows="20" rowLength="18" minFade="0.07" densityScale="0.35"/>
            </effectNode>
            <effectNode effectClass="CultivatorMotionPathEffect" effectType="CULTIVATOR" linkNode="sweepEffectLinkNode09">
                <motionPathEffect textureFilename="$data/effects/cultivator/arrays/sharedCultivatorSweepArray01.dds" numRows="20" rowLength="18" minFade="0.07" densityScale="0.35"/>
            </effectNode>
            <effectNode effectClass="CultivatorMotionPathEffect" effectType="CULTIVATOR" linkNode="sweepEffectLinkNode010">
                <motionPathEffect textureFilename="$data/effects/cultivator/arrays/sharedCultivatorSweepArray01.dds" numRows="20" rowLength="18" minFade="0.07" idensityScale="0.35"/>
            </effectNode>
			

            <effectNode effectClass="CultivatorMotionPathEffect" effectType="CULTIVATOR" linkNode="sweepEffectLinkNode011">
                <motionPathEffect textureFilename="$data/effects/cultivator/arrays/sharedCultivatorSweepArray01.dds" numRows="20" rowLength="18" minFade="0.07" densityScale="0.35"/>
            </effectNode>
            <effectNode effectClass="CultivatorMotionPathEffect" effectType="CULTIVATOR" linkNode="sweepEffectLinkNode012">
                <motionPathEffect textureFilename="$data/effects/cultivator/arrays/sharedCultivatorSweepArray01.dds" numRows="20" rowLength="18" minFade="0.07" densityScale="0.35"/>
            </effectNode>
            <effectNode effectClass="CultivatorMotionPathEffect" effectType="CULTIVATOR" linkNode="sweepEffectLinkNode013">
                <motionPathEffect textureFilename="$data/effects/cultivator/arrays/sharedCultivatorSweepArray01.dds" numRows="20" rowLength="18" minFade="0.07" densityScale="0.35"/>
            </effectNode>
            <effectNode effectClass="CultivatorMotionPathEffect" effectType="CULTIVATOR" linkNode="sweepEffectLinkNode014">
                <motionPathEffect textureFilename="$data/effects/cultivator/arrays/sharedCultivatorSweepArray01.dds" numRows="20" rowLength="18" minFade="0.07" densityScale="0.35"/>
            </effectNode>
            <effectNode effectClass="CultivatorMotionPathEffect" effectType="CULTIVATOR" linkNode="sweepEffectLinkNode015">
                <motionPathEffect textureFilename="$data/effects/cultivator/arrays/sharedCultivatorSweepArray01.dds" numRows="20" rowLength="18" minFade="0.07" densityScale="0.35"/>
            </effectNode>
            <effectNode effectClass="CultivatorMotionPathEffect" effectType="CULTIVATOR" linkNode="sweepEffectLinkNode016">
                <motionPathEffect textureFilename="$data/effects/cultivator/arrays/sharedCultivatorSweepArray01.dds" numRows="20" rowLength="18" minFade="0.07" densityScale="0.35"/>
            </effectNode>
            <effectNode effectClass="CultivatorMotionPathEffect" effectType="CULTIVATOR" linkNode="sweepEffectLinkNode017">
                <motionPathEffect textureFilename="$data/effects/cultivator/arrays/sharedCultivatorSweepArray01.dds" numRows="20" rowLength="18" minFade="0.07" densityScale="0.35"/>
            </effectNode>
            <effectNode effectClass="CultivatorMotionPathEffect" effectType="CULTIVATOR" linkNode="sweepEffectLinkNode018">
                <motionPathEffect textureFilename="$data/effects/cultivator/arrays/sharedCultivatorSweepArray01.dds" numRows="20" rowLength="18" minFade="0.07" densityScale="0.35"/>
            </effectNode>
            <effectNode effectClass="CultivatorMotionPathEffect" effectType="CULTIVATOR" linkNode="sweepEffectLinkNode019">
                <motionPathEffect textureFilename="$data/effects/cultivator/arrays/sharedCultivatorSweepArray01.dds" numRows="20" rowLength="18" minFade="0.07" densityScale="0.35"/>
            </effectNode>
            <effectNode effectClass="CultivatorMotionPathEffect" effectType="CULTIVATOR" linkNode="sweepEffectLinkNode020">
                <motionPathEffect textureFilename="$data/effects/cultivator/arrays/sharedCultivatorSweepArray01.dds" numRows="20" rowLength="18" minFade="0.07" densityScale="0.35"/>
            </effectNode>
			 <effectNode effectClass="CultivatorMotionPathEffect" effectType="CULTIVATOR" linkNode="sweepEffectLinkNode021">
                <motionPathEffect textureFilename="$data/effects/cultivator/arrays/sharedCultivatorSweepArray01.dds" numRows="20" rowLength="18" minFade="0.07" densityScale="0.35"/>
            </effectNode>
        </effect>
        <particle>
		    <node node="smokeEmitter" refNodeIndex="1" particleType="SOIL_SMOKE" emitCountScale="2.5"/>
            <node node="smokeEmitterFront" refNodeIndex="1" particleType="SOIL_SMOKE" emitCountScale="2.5" worldSpace="false"/>
        </particle>
    </workParticles>
	
	<speedRotatingParts>
        <speedRotatingPart node="backRoller" radius="0.22" groundReferenceNodeIndex="1" />
    </speedRotatingParts>

    <ai>
        <areaMarkers leftNode="aiMarkerLeft" rightNode="aiMarkerRight" backNode="aiMarkerBack" />
		<sizeMarkers leftNode="sizeMarkerLeft" rightNode="sizeMarkerRight" backNode="sizeMarkerBack"/>
        <collisionTrigger node="aiCollisionNode" width="4.0" height="1.0"/>
        <needsLowering value="true"/>
        <agentAttachment width="3" height="1.5" length="1.5" lengthOffset="0.35"/>
    </ai>

    <foliageBending>
        <bendingNode minX="-2.0" maxX="2.0" minZ="-0.7" maxZ="0.5" yOffset="0.2" />
    </foliageBending>

    <wearable wearDuration="480" workMultiplier="5" fieldMultiplier="2"/>
    <washable dirtDuration="90" washDuration="1" workMultiplier="6" fieldMultiplier="2"/>

 <i3dMappings>
  <i3dMapping id="TOSCANO" node="0>" />
  <i3dMapping id="Freza_TOSCANO" node="0>0" />
  <i3dMapping id="bolt_low001" node="0>0|0" />
  <i3dMapping id="attachable" node="0>0|1" />
  <i3dMapping id="attacherJoint" node="0>0|1|0" />
  <i3dMapping id="topReferenceNode" node="0>0|1|1" />
  <i3dMapping id="ptoInputNode" node="0>0|1|2" />
  <i3dMapping id="ptoDetachNode" node="0>0|1|3" />
  <i3dMapping id="workArea" node="0>0|2" />
  <i3dMapping id="workAreaStart" node="0>0|2|0" />
  <i3dMapping id="workAreaWidth" node="0>0|2|1" />
  <i3dMapping id="workAreaHeight" node="0>0|2|2" />
  <i3dMapping id="depthNode" node="0>0|2|3" />
  <i3dMapping id="ai" node="0>0|3" />
  <i3dMapping id="aiMarker" node="0>0|3|0" />
  <i3dMapping id="aiMarkerLeft" node="0>0|3|0|0" />
  <i3dMapping id="aiMarkerRight" node="0>0|3|0|1" />
  <i3dMapping id="aiMarkerBack" node="0>0|3|0|2" />
  <i3dMapping id="sizeMarkerLeft" node="0>0|3|0|3" />
  <i3dMapping id="sizeMarkerRight" node="0>0|3|0|4" />
  <i3dMapping id="sizeMarkerBack" node="0>0|3|0|5" />
  <i3dMapping id="aiCollisionNode" node="0>0|3|1" />
  <i3dMapping id="movingParts" node="0>0|4" />
  <i3dMapping id="turnOnRotationNodes" node="0>0|4|0" />
  <i3dMapping id="VAL" node="0>0|4|0|0" />
  <i3dMapping id="backRoller" node="0>0|4|1" />
  <i3dMapping id="effects" node="0>0|5" />
  <i3dMapping id="smokeEmitter" node="0>0|5|0" />
  <i3dMapping id="smokeEmitterFront" node="0>0|5|1" />
  <i3dMapping id="sweepEffectLinkNode01" node="0>0|5|2" />
  <i3dMapping id="sweepEffectLinkNode02" node="0>0|5|3" />
  <i3dMapping id="sweepEffectLinkNode03" node="0>0|5|4" />
  <i3dMapping id="sweepEffectLinkNode04" node="0>0|5|5" />
  <i3dMapping id="sweepEffectLinkNode05" node="0>0|5|6" />
  <i3dMapping id="sweepEffectLinkNode06" node="0>0|5|7" />
  <i3dMapping id="sweepEffectLinkNode07" node="0>0|5|8" />
  <i3dMapping id="sweepEffectLinkNode08" node="0>0|5|9" />
  <i3dMapping id="sweepEffectLinkNode09" node="0>0|5|10" />
  <i3dMapping id="sweepEffectLinkNode010" node="0>0|5|11" />
  <i3dMapping id="sweepEffectLinkNode011" node="0>0|5|12" />
  <i3dMapping id="sweepEffectLinkNode012" node="0>0|5|13" />
  <i3dMapping id="sweepEffectLinkNode013" node="0>0|5|14" />
  <i3dMapping id="sweepEffectLinkNode014" node="0>0|5|15" />
  <i3dMapping id="sweepEffectLinkNode015" node="0>0|5|16" />
  <i3dMapping id="sweepEffectLinkNode016" node="0>0|5|17" />
  <i3dMapping id="sweepEffectLinkNode017" node="0>0|5|18" />
  <i3dMapping id="sweepEffectLinkNode018" node="0>0|5|19" />
  <i3dMapping id="sweepEffectLinkNode019" node="0>0|5|20" />
  <i3dMapping id="sweepEffectLinkNode020" node="0>0|5|21" />
  <i3dMapping id="sweepEffectLinkNode021" node="0>0|5|22" />
  <i3dMapping id="supportArm" node="0>0|6" />
  <i3dMapping id="supportCol1" node="0>0|6|0" />
  <i3dMapping id="supportCol2" node="0>0|6|1" />
  <i3dMapping id="supportCol3" node="0>0|6|2" />
  <i3dMapping id="att" node="0>0|7" />
  <i3dMapping id="detach" node="0>0|8" />
  <i3dMapping id="decal" node="0>0|9" />
  <i3dMapping id="decal2" node="0>0|10" />
</i3dMappings>
</vehicle>
