﻿<?xml version="1.2" encoding="utf-8" standalone="no" ?>
<modDesc descVersion="72">
<author>Papafra16</author>
<version>1.0.0.0</version>
<title>
<en>DelMorino</en>
</title>
<description>
<en>
<![CDATA[DelMorino Rotex M 3900 Power harrow
- Price: 3500$
- Max. working speed: 12 - 17 km/h
- Required power: 96HP / 70 kW
- Working width: 4.0 meter
]]>
</en>
<de>
<![CDATA[DelMorino Rotex M 3900 Kreiselegge
- Preis: 3500 €
- Arbeitsgeschwindigkeit: 12 - 17 km/h
- Erforderliche Leistung: 96 PS / 70 kW
- Arbeitsbreite: 4 meter]]>
</de>
<ru>
<![CDATA[ DelMorino Rotex M 3900
- Цена: 3500 €
- Рабочая скорость : 12-17 км/ч
- Требуемая мощность : 96 л.с / 70 kW
- Захват : 4.0 м
]]>
</ru>
</description>
<iconFilename>icon_TOSCANO.png</iconFilename>
<multiplayer supported="true" />
<brands>
 <brand name="DelMorino" title="DelMorino" image="stores/BRAND.dds"/>
</brands>

<storeItems>
<storeItem xmlFilename="DelMorino.xml"/>
</storeItems>

</modDesc>
